{
  "hash": "d9a739ea",
  "configHash": "1c2d9b96",
  "lockfileHash": "82757ba8",
  "browserHash": "e646ef91",
  "optimized": {
    "@angular/core": {
      "src": "../../../../../node_modules/@angular/core/fesm2022/core.mjs",
      "file": "@angular_core.js",
      "fileHash": "a27a551d",
      "needsInterop": false
    },
    "@angular/platform-browser": {
      "src": "../../../../../node_modules/@angular/platform-browser/fesm2022/platform-browser.mjs",
      "file": "@angular_platform-browser.js",
      "fileHash": "da7f6f78",
      "needsInterop": false
    },
    "@angular/router": {
      "src": "../../../../../node_modules/@angular/router/fesm2022/router.mjs",
      "file": "@angular_router.js",
      "fileHash": "6edfdebf",
      "needsInterop": false
    },
    "@angular/forms": {
      "src": "../../../../../node_modules/@angular/forms/fesm2022/forms.mjs",
      "file": "@angular_forms.js",
      "fileHash": "c73da4e7",
      "needsInterop": false
    }
  },
  "chunks": {
    "chunk-2EI6HD2D": {
      "file": "chunk-2EI6HD2D.js"
    },
    "chunk-Z4LWVPYP": {
      "file": "chunk-Z4LWVPYP.js"
    },
    "chunk-YVOBCSOD": {
      "file": "chunk-YVOBCSOD.js"
    }
  }
}