{
  "hash": "8fca7ea1",
  "configHash": "24086f54",
  "lockfileHash": "23a46710",
  "browserHash": "be43be07",
  "optimized": {
    "@angular/common": {
      "src": "../../../../../node_modules/@angular/common/fesm2022/common.mjs",
      "file": "@angular_common.js",
      "fileHash": "6680bec6",
      "needsInterop": false
    },
    "@angular/common/http": {
      "src": "../../../../../node_modules/@angular/common/fesm2022/http.mjs",
      "file": "@angular_common_http.js",
      "fileHash": "c8482a16",
      "needsInterop": false
    },
    "@angular/core": {
      "src": "../../../../../node_modules/@angular/core/fesm2022/core.mjs",
      "file": "@angular_core.js",
      "fileHash": "9ed45202",
      "needsInterop": false
    },
    "@angular/platform-browser": {
      "src": "../../../../../node_modules/@angular/platform-browser/fesm2022/platform-browser.mjs",
      "file": "@angular_platform-browser.js",
      "fileHash": "aa76bab8",
      "needsInterop": false
    },
    "@angular/router": {
      "src": "../../../../../node_modules/@angular/router/fesm2022/router.mjs",
      "file": "@angular_router.js",
      "fileHash": "e467abce",
      "needsInterop": false
    }
  },
  "chunks": {
    "chunk-MWTFILZX": {
      "file": "chunk-MWTFILZX.js"
    },
    "chunk-TUWWRYIO": {
      "file": "chunk-TUWWRYIO.js"
    },
    "chunk-42HI5PUK": {
      "file": "chunk-42HI5PUK.js"
    },
    "chunk-LF2LKXYJ": {
      "file": "chunk-LF2LKXYJ.js"
    }
  }
}