{
  "hash": "731ca76a",
  "configHash": "5d93c13c",
  "lockfileHash": "01e82a6d",
  "browserHash": "b9d8f08e",
  "optimized": {
    "@angular/core": {
      "src": "../../../../../node_modules/@angular/core/fesm2022/core.mjs",
      "file": "@angular_core.js",
      "fileHash": "2340688f",
      "needsInterop": false
    },
    "@angular/platform-browser": {
      "src": "../../../../../node_modules/@angular/platform-browser/fesm2022/platform-browser.mjs",
      "file": "@angular_platform-browser.js",
      "fileHash": "e17dcaf4",
      "needsInterop": false
    },
    "@angular/router": {
      "src": "../../../../../node_modules/@angular/router/fesm2022/router.mjs",
      "file": "@angular_router.js",
      "fileHash": "044c3ba5",
      "needsInterop": false
    },
    "@angular/common": {
      "src": "../../../../../node_modules/@angular/common/fesm2022/common.mjs",
      "file": "@angular_common.js",
      "fileHash": "a3f32a0f",
      "needsInterop": false
    }
  },
  "chunks": {
    "chunk-6IGGNZOG": {
      "file": "chunk-6IGGNZOG.js"
    },
    "chunk-42HI5PUK": {
      "file": "chunk-42HI5PUK.js"
    },
    "chunk-LF2LKXYJ": {
      "file": "chunk-LF2LKXYJ.js"
    }
  }
}