<?xml version="1.0" encoding="UTF-8"?>
<beans xmlns="http://www.springframework.org/schema/beans"
       xmlns:xsi="http://www.w3.org/2001/XMLSchema-instance"
       xmlns:context="http://www.springframework.org/schema/context"
       xmlns:mvc="http://www.springframework.org/schema/mvc"
       xsi:schemaLocation="
         http://www.springframework.org/schema/beans
         https://www.springframework.org/schema/beans/spring-beans.xsd
         http://www.springframework.org/schema/context
         https://www.springframework.org/schema/context/spring-context.xsd
         http://www.springframework.org/schema/mvc
         https://www.springframework.org/schema/mvc/spring-mvc.xsd">

    <!-- Enable Spring MVC Annotations -->
    <mvc:annotation-driven />

    <!-- Component Scanning -->
    <context:component-scan base-package="com.coforge.controller" />

    <!-- View Resolver Configuration -->
    <bean id="viewResolver" class="org.springframework.web.servlet.view.InternalResourceViewResolver">
        <property name="prefix" value="/WEB-INF/views/" />
        <property name="suffix" value=".jsp" />
    </bean>

    <!-- Register the interceptor with Spring MVC -->
    <mvc:interceptors>
        <mvc:interceptor>
            <mvc:mapping path="/*" />
            <bean class="com.coforge.interceptor.CustomInterceptor" />
        </mvc:interceptor>
    </mvc:interceptors>
    

</beans>
