<?xml version="1.0" encoding="UTF-8"?>

<!DOCTYPE hibernate-configuration PUBLIC
        "-//Hibernate/Hibernate Configuration DTD 3.0//EN"
        "http://hibernate.org/dtd/hibernate-configuration-3.0.dtd">

<hibernate-configuration>

	<session-factory>

		<property name="hbm2ddl.auto">update</property>
		<property name="dialect">org.hibernate.dialect.MySQL8Dialect</property>

		<property name="connection.url">jdbc:mysql://localhost:3306/mydb2</property>
		<property name="connection.username">root</property>
		<property name="connection.password">root</property>
		<property name="connection.driver_class">com.mysql.cj.jdbc.Driver</property>

		<property name="show_sql">true</property>


		<property name="hibernate.format_sql">true</property>
		
        <!--======================================================= -->
                           <!--   hbm -->
		<!--<mapping resource="Employees.hbm.xml" /> -->
		<!--<mapping resource="Employee.hbm.xml" />-->
		
		<!--======================================================= -->
		
		<!--===================Annotation======================= -->
		
		<!--<mapping class="com.example.basic.annotation.Employee"/> -->
		
		<!--======================================================= -->
		
                        <!--   Lifecycle -->
		<!--<mapping class="com.example.lifecycle.Employee"/> -->
		<!--<mapping class="com.example.crud.Employee"/> -->
		
		<!--======================================================= -->
		
		                <!--    Unidirectional -->
		<!--<mapping class="com.example.uni.onetoone.Address"/>
		<mapping class="com.example.uni.onetoone.Person"/>-->
		
		<!--<mapping class="com.example.uni.onetomany.Department"/>
		<mapping class="com.example.uni.onetomany.Employee"/>-->
		
		<!--<mapping class="com.example.uni.manytoone.Department"/>
		<mapping class="com.example.uni.manytoone.Employee"/>-->
		
		<!--<mapping class="com.example.uni.manytomany.Course"/>
		<mapping class="com.example.uni.manytomany.Student"/>-->
		
		<!--======================================================= -->
		
		                <!--    Bidirectional -->
		<!-- <mapping class="com.example.bi.onetone.Address"/>
		<mapping class="com.example.bi.onetone.User"/>-->
		
		<!--<mapping class="com.example.bi.onetomany.Department"/>
		<mapping class="com.example.bi.onetomany.Employee"/>-->
		
		<!--<mapping class="com.example.bi.manytoone.Department"/>
		<mapping class="com.example.bi.manytoone.Employee"/>-->
		
		<!--<mapping class="com.example.bi.manytomany.Employee"/>
		<mapping class="com.example.bi.manytomany.Project"/>-->
		
		<!--======================================================= -->
		
	<!--==================Inheritance Mapping=========================== -->
		
		         <!--    Joined Table Inheritance -->
		         
		<!--  <mapping class="com.example.joinedtable.Employee"/>
        <mapping class="com.example.joinedtable.FullTimeEmployee"/>
        <mapping class="com.example.joinedtable.PartTimeEmployee"/>-->
        
                  <!--    Single Table Inheritance -->
                  
      <!--  <mapping class="com.example.singletable.Employee"/>
        <mapping class="com.example.singletable.FullTimeEmployee"/>
        <mapping class="com.example.singletable.PartTimeEmployee"/>-->
        
                  <!--   Table per class Inheritance -->   
        
        <!--    <mapping class="com.example.tableperclass.Employee"/>
        <mapping class="com.example.tableperclass.FullTimeEmployee"/>
        <mapping class="com.example.tableperclass.PartTimeEmployee"/>-->
        
        
		<!--======================================================= -->
		<!--===============Granularity ============================ -->
		            <!--Coarsed Grained -->
		
		<!-- <mapping class="com.example.granularity.coarsedgrained.Employee"/>-->
		             <!--Fine Grained -->
		             
		
		<!-- <mapping class="com.example.granularity.finegrained.Employee"/>-->
		 
		 <!--======================================================= -->
		
		<!--===============Servlet ============================ -->
		
		<!--<mapping class="com.example.web.Employees"/> -->
		
		<!--======================================================= -->
		
		<mapping class="com.example.criteria.Student"/> 

	 
	</session-factory>

</hibernate-configuration>  