<?xml version="1.0" encoding="UTF-8"?>
<!DOCTYPE hibernate-configuration PUBLIC
        "-//Hibernate/Hibernate Configuration DTD 3.0//EN"
        "http://hibernate.org/dtd/hibernate-configuration-3.0.dtd">

<hibernate-configuration>

    <session-factory>

        <!-- Automatically update the schema -->
        <property name="hbm2ddl.auto">update</property>

        <!-- PostgreSQL dialect -->
        <property name="dialect">org.hibernate.dialect.PostgreSQLDialect</property>

        <!-- PostgreSQL connection URL -->
        <property name="connection.url">jdbc:postgresql://localhost:5432/mydb</property>

        <!-- Database credentials -->
        <property name="connection.username">postgres</property>
        <property name="connection.password">root</property>

        <!-- PostgreSQL JDBC driver -->
        <property name="connection.driver_class">org.postgresql.Driver</property>

        <!-- Show generated SQL -->
        <property name="show_sql">true</property>

        <property name="hibernate.format_sql">true</property>

        <!-- Entity mapping -->
        <mapping class="com.hcl.orm.crud.Employee" />

    </session-factory>

</hibernate-configuration>
